{
    "MAE": 8.211226532859063,
    "RMSE": 11.968887441325812,
    "Explained Variance": 0.9177042628230756,
    "Max Error": 49.376075744628906,
    "R2": 0.9176792502403259,
    "NASA Score": 9938.94539189461
}