{
    "MAE": 11.46805025100708,
    "RMSE": 15.864281654196395,
    "Explained Variance": 0.8559387902759465,
    "Max Error": 46.389930725097656,
    "R2": 0.8542591333389282,
    "NASA Score": 366.6720504089622
}