MAE,RMSE,Explained Variance,Max Error,R2,NASA Score
11.46805025100708,15.864281654196395,0.8559387902759465,46.389930725097656,0.8542591333389282,366.6720504089622
