{
    "Best RMSE (Optuna CV)": 13.986243561457012,
    "Validation MAE": 8.211226532859063,
    "Validation RMSE": 11.968887441325812,
    "Validation R2": 0.9176792502403259,
    "NASA Score": 9938.94539189461,
    "Number of Features": 60,
    "Best Parameters": {
        "n_estimators": 626,
        "learning_rate": 0.016497597435835752,
        "max_depth": 5,
        "subsample": 0.8201296168773922,
        "colsample_bytree": 0.7460214337882448,
        "gamma": 1.2302104820136857,
        "min_child_weight": 8,
        "reg_alpha": 4.499151207788734,
        "reg_lambda": 9.737764400296976,
        "max_delta_step": 0
    }
}